{
    "$schema": "https://schema.management.azure.com/schemas/2015-01-01/deploymentParameters.json#",
    "contentVersion": "1.0.0.0",
    "parameters": {
        "location": {
            "value": "eastus"
        },
        "networkInterfaceName": {
            "value": "kdr-web22-05557"
        },
        "enableAcceleratedNetworking": {
            "value": true
        },
        "networkSecurityGroupName": {
            "value": "kdr-web22-05-nsg"
        },
        "networkSecurityGroupRules": {
            "value": []
        },
        "subnetName": {
            "value": "server"
        },
        "virtualNetworkId": {
            "value": "/subscriptions/ad1e11c4-77b4-4497-9085-b05d999376f6/resourceGroups/rgkdr/providers/Microsoft.Network/virtualNetworks/kdr-vnet"
        },
        "virtualMachineName": {
            "value": "kdr-web22-05"
        },
        "virtualMachineComputerName": {
            "value": "kdr-web22-05"
        },
        "virtualMachineRG": {
            "value": "rgKDR"
        },
        "osDiskType": {
            "value": "StandardSSD_LRS"
        },
        "virtualMachineSize": {
            "value": "Standard_D2s_v3"
        },
        "adminUsername": {
            "value": "xadmin"
        },
        "adminPassword": {
            "value": null
        },
        "patchMode": {
            "value": "AutomaticByOS"
        },
        "enableHotpatching": {
            "value": false
        }
    }
}